area,scenario,tema,misura,motivazione
NTS,Slow Pace,Trasporto marittimo,"un incremento del traffico da oggi al 2040 così
definito, in termini di densità di traffico, ovvero di rotte che attraversano ciascuna cella nell’unità di tempo, per diverse tipologie di imbarcazioni: +30% per navi cargo e
portarinfuse (CAR); +53% per navi portacontainer (CON); +26% per navi passeggeri e da crociera (PAS); +38% per navi petroliere e gasiere (TGC); +33% per navi roll-onroll-
off cargo e passeggeri (RRO).","Questi valori sono derivati dal recente studio condotto da EMSA per valutare l’evoluzione attesa del rumore sottomarino nei mari europei, con e senza misure di mitigazione (EMSA, 2024), e sono in linea con altre
indicazioni derivabili dalla letteratura di settore : proiezioni del trasporto marittimo
globale al 2050 (EMSA-EEA, 2021); aumento annuo atteso delle movimentazioni di
container del 3.1% nel Mediterraneo occidentale (Piano del Mare (2023)) e del 2.7%
relativamente al periodo 2021-2026 (Report SRM 2022)."
NTS,Slow Pace,Trasporto marittimo,"Sono attese riduzioni delle emissioni di gas serra (GHG) e di composti di zolfo, in linea con gli obiettivi e le prescrizioni di EU Green Deal (riduzione del 90% delle emissioni di GHG al 2050) e IMO-MED-SECA, attraverso la progressiva adozione di misure di mitigazione (ad esempio, elettrificazione delle banchine, nuovi carburanti).",
NTS,Slow Pace,Trasporto marittimo,"Il settore aumenterà progressivamente la sua sostenibilità a terra e in mare, in varie
forme: ad esempio, con l’adozione di carburanti in compliance con la 0,1% Sulphur
Target del SEPA Agreement (IMO MED-SECA) o con l’elettrificazione delle banchine
utilizzando fonti rinnovabili. Le raccomandazioni relative alla PSSA NW-MED (IMO MEPC 80/WP.10) rimarranno come ora, pur traguardando un rafforzamento
progressivo delle misure in atto (e.g. limitazione della velocità volontaria tra 10 e 13
nodi).",
NTS,Slow Pace,Protezione Ambientale,"Vengono istituite alcune nuove aree Natura 2000: due nuovi siti (già proposti) su tre
seamounts (Complesso dei monti sottomarini Ulisse Doria Janua e del Banco di Santa Lucia) (Wurtz e Rovere, 2015).",
NTS,Slow Pace,Protezione Ambientale,"Non viene istituita nessuna nuova AMP o area con “protezione rigorosa” (i.e. strictly
protected).",
NTS,Slow Pace,Pesca,"il limite di pesca a strascico viene esteso da 1000 metri a 800 metri di profondità, in
quanto queste aree possono ospitare ecosistemi marini vulnerabili (VME),
sostenendo al contempo attività di pesca relativamente limitate da parte di alcuni
pescherecci che si dedicano a stock specifici, ad esempio gamberi rossi di acque
profonde (GFCM REC 29/2005/1).",A seguito del completamento delle valutazioni sulle aree pilota identificate da GFCM.
NTS,Slow Pace,Pesca,si vieta la pesca a strascico con attrezzi attivi nelle aree SIC/ZSC designate ai sensi della direttiva Habitat per la protezione di habitat e le specie marine bentoniche.,"Come da Action Plan (COM(2023)102 final),"
NTS,Slow Pace,Difesa Costiera,"Gli interventi di difesa costiera e contrasto all’erosione nei tratti di costa con trend
erosivi maggiori (2006-2020, ISPRA) vengono realizzati localmente, con una limitata programmazione di lungo periodo. Si utilizzanno tecniche di difesa tradizionali basate su interventi rigidi e ripascimenti, utilizzando le cave di sabbie a mare già censite.",
NTS,Slow Pace,Turismo Costiero e Marittimo,"Le opportunità per una transizione sostenibile del turismo costiero e marittimo non
vengono pienamente sfruttate e i modelli turistici implementati rimangono
prevalentemente quelli di tipo tradizionale, pur lavorando anche su importanti aspetti
di sostenibilità come il risparmio energetico e delle risorse in genere, la gestione dei
rifiuti, la gestione e destagionalizzazione dei flussi.",
NTS,Slow Pace,Turismo Costiero e Marittimo,"Viene promossa la diversificazione dell’offerta su settori di turismo
esperienziale quali il diving, canoa e il whale watching.",
NTS,Slow Pace,Energia,"portata a termine l’iniziativa in atto attraverso
Commissario straordinario di Governo della Regione per il ricollocamento offshore a
largo di Vado Ligure del rigassificatore terminal FSRU Tundra attualmente in esercizio
presso il Porto di Piombino (SNAM, 2023).",
NTS,Nature@Work,Trasporto marittimo,"La Voluntary Speed Reduction (VSR) a 13 nodi (IMO-MEPC 80/WP.10, 2023) in tutta
l'area della PSSA è attuata da tutte le navi commerciali in tutte le aree con densità elevata di cetacei.",
NTS,Nature@Work,Trasporto marittimo,"viene istituita una ATBA al largo di Ventimiglia e Sanremo e
una limitazione obbligatoria della velocità a 10 nodi in corrispondenza di una nuova
AMP sul complesso dei monti sottomarini Ulisse, Doria, Janua e del canyon di Genova.",
NTS,Nature@Work,Protezione Ambientale,"I corridoi di
navigazione sono progettati e gestiti in modo coerente con i requisiti dei mammiferi
marini e delle tartarughe, tutti i siti Natura 2000 hanno piani di gestione approvati e
attuati. L’integrazione tra i siti Natura 2000 e le attività marittime, compreso il turismo
lento, la pesca artigianale e l’acquacoltura sostenibile, sta funzionando, sebbene si
evitino interazioni nelle aree centrali della rete.",
NTS,Nature@Work,Protezione Ambientale,"Viene istituita una nuova AMP che comprende il Complesso dei monti sottomarini Ulisse Doria Janua (Wurtz e Rovere, 2015) nonché la convergenza del canyon di Genova, per la
protezione di specie bentoniche e come zona di importanza per grampo, zifio,
capodoglio e balenottera.",
NTS,Nature@Work,Protezione Ambientale,"In questa AMP, interna alla PSSA-NW MED, è prevista una
riduzione obbligatoria della velocità dei natanti commerciali a 10 nodi (Gallou et al.,
2021). ",
NTS,Nature@Work,Protezione Ambientale,Il Banco di Santa Lucia diventa una AMP a protezione rigorosa (strictly protected).,
NTS,Nature@Work,Protezione Ambientale,"Vengono istituite inoltre due nuove AMP in corrispondenza dei canyon di Bordighera e
Sanremo.",
NTS,Nature@Work,Protezione Ambientale,"Viene attuata la proposta di estensione della perimetrazione a mare del Parco
dell’Arcipelago Toscano (PNAT, 2020) nelle acque e fondali circostanti l’isola di Capraia, con focus sulla protezione della foca monaca. L’area si collega ad una nuova
AMP strictly protected per la protezione degli habitat profondi e nello specifico di Vulnerable Marine Ecosystems (VME) nella ""Corsica Channel Cold Water Coral Province"". Vengono considerati per la protezione rigorosa due siti già individuati dal
CNR specificamente per la protezione di coralli di acque profonde Angeletti et al.
2020): uno di questi ricade nel già menzionato ampliamento dell’area protetta di Caprera, mentre per l’altro sito, a nord di Capraia, viene creata un’area a protezione
rigorosa ad hoc.",
NTS,Nature@Work,Protezione Ambientale,"In Liguria vengono ampliate le AMP esistenti delle Cinque Terre, Portofino e Isola di Bergeggi, con focus sulla conservazione del coralligeno, della posidonia e della Cymodocea.",
NTS,Nature@Work,Protezione Ambientale,"In Toscana viene ampliata la AMP Secche della Meloria, con la corrispondente
istituzione di tavoli di co-gestione con pescatori che praticano la piccola pesca con
metodi tradizionali.",
NTS,Nature@Work,Protezione Ambientale,"Viene creata una nuova ZPS tra l’Isola di Capraia e Pianosa, con focus di conservazione sulla berta minore e maggiore.",
NTS,Nature@Work,Protezione Ambientale,"All'interno della PSSA NW-MED le misure volontarie di riduzione della velocità del
traffico commerciale fra 10 e 13 nodi restano vigenti e viene in aggiunta istituita una
Area To Be Avoided (ATBA) al largo di Ventimiglia e Sanremo a protezione di capodogli
e balenottere (Thetys, 2020).",
NTS,Nature@Work, Difesa Costiera,"Gli
interventi attuati sono prevalentemente di tipo soft e le Nature Based Solution (NBS)
hanno la priorità. Le sabbie offshore compatibili provenienti dalle cave a mare censite
vengono utilizzate per ripascimenti e opere di difesa costiera",
NTS,Nature@Work,Turismo Costiero e Marittimo,"Viene promossa la diversificazione dell’offerta su
settori di turismo esperienziale quali l’ecoturismo, anche in relazione all’ampliamento
della rete di aree protette, il pescaturismo, il diving e il whale watching",
NTS,Nature@Work,Turismo Costiero e Marittimo,"Specifiche misure di regolamentazione riguardano il diporto (e.g. aree di ormeggio e
gestione dei marina), in particolare nelle AMP e nelle aree Natura 2000. Sarà
importante andare a identificare per alcune aree limiti non solo di velocità ma anche in termini di capacità portante legati sia allo stazionamento che al transito, soprattutto su aree di pregio come AMP e Natura 2000.",
NTS,Nature@Work,Turismo Costiero e Marittimo,"Si identificano le AMP soggette a maggior pressione da parte del diporto nautico, e vengono previste delle misure di contenimento dell’ancoraggio sui fondali con biocenosi vulnerabili, installando nuovi
siti di ormeggio in prossimità delle AMP più congestionate e soggette a sovraffollamento (Venturini et al., 2016; Dapueto et al., 2022).",
NTS,Nature@Work,Pesca,"L’identificazione di nuove aree per il recupero degli stock ittici procede rapidamente,
sostenuta da sforzi coordinati a scala di bacino. La promozione di accordi e tavoli di
cogestione tra la pesca artigianale, i siti Natura 2000 e le AMP diventa una pratica
comune nella zona, ed è regolata dai piani di gestione delle aree di conservazione.",
NTS,Nature@Work,Pesca,"In
seguito al completamento delle valutazioni sulle aree pilota identificate da GFCM, il
limite di pesca a strascico viene esteso da 1000 metri a 800 metri di profondità, in
quanto habitat potenziali di ecosistemi marini vulnerabili, sostenendo al contempo
attività di pesca relativamente limitate da parte di alcuni pescherecci che si dedicano
a stock specifici, ad esempio gamberi rossi di acque profonde (GFCM REC
29/2005/1).",
NTS,Nature@Work,Pesca,"Viene ampliata la ZTB esistente in prossimità dell’Isola del Giglio e la ZTB al largo di Livorno, nei pressi del pre-esistente divieto di pesca nell’area di rispetto del rigassificatore ‘Toscana’, non più esistente in questo scenario.",
NTS,Nature@Work,Ricerca & Innovazione,"sono individuati, in modo non esaustivo, i principali siti osservativi e
centri di ricerca attualmente presenti. Vengono anche individuati i siti, interni ad AMP,
ove sono in corso sperimentazioni di attività di restauro: Cinque Terre (zona A,B,C),
Portofino (Zona C), e Bergeggi per Posidonia oceanica, Cystoseira e Patella ferruginea
(in area da definire in zona C); Isola di Gallinara per il coralligeno (Punta Sciusciau).",
NTS,Nature@Work,Energia Rinnovabile,"Viene promossa la produzione di energia rinnovabile da moto ondoso
installando generatori in corrispondenza delle dighe foranee e/o moli con potenziale
produzione di energia e con funzione prevalente di alimentazione delle attività portuali
(produzione di energia dell’ordine di qualche MW).
Sperimentazioni in questo senso sono state effettuate o sono in corso presso i porti di
La Spezia, Piombino e Marina di Cecina (Peviani et al., 2011; Liberti et al., 2013).",
NTS,Nature@Work,Energia Rinnovabile,"In questo scenario non sono più presenti nell’area navi rigassificatrici, trattandosi di una tecnologia non coerente con la politica di transizione energetica dell’UE (Reg. (UE) 2021/1119).",
NTS,Nature@Work,Paesaggio e patrimonio culturale,"Si promuovono tutela e valorizzazione del patrimonio archeologico subacqueo sia in
Liguria (Albenga, Imperia, Lerici, Portofino), sia in Toscana (aree livornese e
grossetana). In merito al patrimonio culturale in ambito marino e costiero, oltre alla
tutela e la recupero, un obiettivo che viene perseguito in questo scenario è
l'incremento di conoscenza, accessibilità e fruibilità in chiave sostenibile.",
NTS,Nature@Work,Paesaggio e patrimonio culturale,"L'afferenza dei territori ligure e toscano al Santuario Pelagos per i mammiferi marini,
area protetta internazionale inserita nella lista ASPIM e sito proposto per l’iscrizione
alla World Heritage List UNESCO, richiede, un focus sulla gestione e valorizzazione di
tale complesso ecosistema.",
NTS,Blue Development,Energia,"È stata individuata un’area al largo di Livorno con adeguato potenziale, ridotti conflitti
con altri usi del mare e delle coste e conflitti con l'ambiente non evidenti, ancorché da
verificare in modo più preciso e puntuale. L’area corrisponde alla proposta in essere
del parco eolico galleggiante ATIS, con una potenza installata prevista di 860 MW. Lo
scenario prevede anche un Hub operativo di servizio (costruzione e manutenzione)
presso il porto di Piombino.",
NTS,Blue Development,Energia,"viene promossa  la produzione di energia
rinnovabile da moto ondoso installando generatori in corrispondenza delle dighe foranee e/o moli con potenziale produzione di energia e con funzione prevalente di
alimentazione delle attività portuali (produzione di energia dell’ordine di qualche MW).",
NTS,Blue Development,Energia,"non si prevedono rigassificatori nell’area, trattandosi di una tecnologia non coerente con la politica di transizione energetica dell’UE (Reg. (UE) 2021/1119).",
NTS,Blue Development,Trasporto marittimo,"Lo scenario considera, un
incremento del traffico da oggi al 2040 così definito, in termini di densità di
traffico, ovvero di rotte che attraversano ciascuna cella nell’unità di tempo, per
diverse tipologie di imbarcazioni: +30% per navi cargo e portarinfuse (CAR); +53% per navi portacontainer (CON); +26% per navi passeggeri e da crociera
(PAS); +38% per navi petroliere e gasiere (TGC); +33% per navi roll-on-roll-off cargo e passeggeri (RRO). Questi valori sono derivati dal recente studio condotto da EMSA per valutare l’evoluzione attesa del rumore sottomarino nei mari europei, con e senza misure di mitigazione (EMSA, 2024), e sono in linea con altre
indicazioni derivabili dalla letterature di settore: proiezioni del trasporto marittimo globale al 2050 (EMSA-EEA, 2021); aumento annuo atteso delle
movimentazioni di container del 3.1% nel Mediterraneo occidentale (Piano del Mare (2023)) e del 2.7% relativamente al periodo 2021-2026 (Report SRM 2022).",
NTS,Blue Development,Trasporto marittimo,"E’ atteso peraltro un incremento, valutato complessivamente modesto rispetto al traffico complessivamente presente nell’area, del traffico a corto raggio per attività di costruzione e manutenzione dei campi eolici previsti nello scenario (in particolare
nell’area a est dell’area pilota NTS).",
NTS,Blue Development,Trasporto marittimo,"La rumorosità media della flotta mercantile e passeggeri viene ridotta tramite la
progressiva adozione di miglioramenti tecnologici; si attuano una migliore
regolamentazione delle acque di zavorra per ridurre le specie aliene (Convenzione
IMO-BWM) e l’ulteriore potenziamento dei sistemi di prevenzione e gestione di eventi
di inquinamento accidenta",
NTS,Blue Development,Trasporto marittimo,"Viene istituita una Area To Be Avoided (ATBA) come area di attenzione specifica per la
balenottera a largo di Ventimiglia e Sanremo.",
NTS,Blue Development,Trasporto marittimo,"Nella neoistituita AMP sul Complesso dei monti sottomarini Ulisse Doria Janua e alla
convergenza del canyon di Genova viene introdotta una limitazione obbligatoria della
velocità a 10 nodi (Gallou et al., 2021).",
NTS,Blue Development,Trasporto marittimo,"La Voluntary Speed Reduction (VSR) a 13 nodi (IMO-MEPC 80/WP.10, 2023) in tutta l'area della PSSA è attuata in estate da tutte le navi commerciali in tutte le aree con densità elevata di cetacei.",
NTS,Blue Development,Protezione Ambientale,"viene istituita nuova AMP che comprende il Complesso
dei monti sottomarini Ulisse Doria Janua (Wurtz e Rovere, 2015)(corrispondente allo
stesso sito Natura 2000 dello scenario Slow Pace) nonché la convergenza del canyon
di Genova, per la protezione di specie bentoniche e come zona di importanza per grampo, zifio, capodoglio e balenottera.",
NTS,Blue Development,Protezione Ambientale,"In questa AMP, interna alla PSSA-NW MED, è prevista una riduzione obbligatoria della
velocità dei natanti commerciali a 10 nodi (Gallou et al., 2021).",
NTS,Blue Development,Protezione Ambientale,"Il seamount S. Lucia  è qui una AMP Strictly
Protected.",
NTS,Blue Development,Protezione Ambientale,"In Liguria vengono ampliate le AMP esistenti di 5 Terre, Portofino e Isola di Gallinara
con focus di conservazione su habitat di coralligeni, posidonia, e Cymodocea, e viene
ampliata la AMP Secche della Meloria, con la corrispondente istituzione di tavoli di
co-gestione con pescatori che praticano piccola pesca con metodi tradizionali.",
NTS,Blue Development,Protezione Ambientale,"Vengono ampliate le tre ZTB esistenti (MASAF, Decreto direttoriale n. 9045689 del 6
agosto 2020), con focus su EFH e VME (Ortega et al., 2023), ampliamento che
accompagna una trasformazione progressiva del settore della pesca per aumentarne
la sostenibilità nel lungo periodo.",
NTS,Blue Development,Protezione Ambientale,"All'interno della PSSA NW-MED le misure volontarie di riduzione della velocità del
traffico commerciale fra 10 e 13 nodi restano vigenti e viene in aggiunta istituita una
Area To Be Avoided (ATBA) al largo di Ventimiglia e Sanremo a protezione di capodogli
e balenottere (Thetys, 2020).",
NTS,Blue Development,Pesca,"La promozione di accordi e tavoli di cogestione tra la pesca artigianale, i siti Natura
2000 e le AMP diventa una pratica comune nella zona, ed è regolata dai piani di
gestione delle aree di conservazione. Viene attuata una adeguata sorveglianza di tali
aree, considerandola un importante prerequisito per aumentare la resa all'interno
dell'area. La flotta peschereccia viene progressivamente sostituita da nuove
imbarcazioni, che presentano una migliore efficienza energetica. Le strutture portuali
per il trattamento dei rifiuti/riciclaggio sono sviluppate in modo omogeneo all'interno
del bacino, sulla base dell'uso continuativo dei fondi strutturali. La pesca artigianale
è considerata una risorsa e gli investimenti vengono indirizzati sia sul sostegno alla
formazione dei giovani pescatori, sia sulla promozione dei prodotti/eccellenze locali.",
NTS,Blue Development,Pesca,"In seguito al completamento delle valutazioni sulle aree pilota identificate da GFCM,
il limite di pesca a strascico viene esteso da 1000 metri a 800 metri di profondità, in
quanto habitat potenziali di ecosistemi marini vulnerabili, sostenendo al contempo
attività di pesca relativamente limitate da parte di alcuni pescherecci che si dedicano
a stock specifici, ad esempio gamberi rossi di acque profonde (GFCM REC
29/2005/1).",
NTS,Blue Development,Pesca,"Vengono individuati piani AZA innovativi per il territorio, identificando le aree di
espansione per nuovi impianti di maricoltura in tutta l’area e definendo una visione per
migliorare la gestione di tali attività. I piani sono adeguatamente attuati. Alcune aree
con impianti esistenti e vocazioni già note a seguito di precedenti studi sono
valorizzate con l’installazione di nuovi impianti. Le possibilità di sviluppo
dell’acquacoltura in condizioni esposte vengono esplorate adeguatamente e
sostenute da investimenti centrali.",
NTS,Blue Development,Pesca,"In Toscana le isole dell’arcipelago espandono il metodo di piccola acquacultura
estensiva già sperimentata a Capraia. L’acquacultura nella regione di Follonica e
Piombino viene espansa con il sistema ibrido tra terra e mare.",
NTS,Blue Development,Difesa costiera,"Gli
interventi attuati sono prevalentemente di tipo soft e le Nature Based Solution hanno
la priorità. Le sabbie offshore censite e compatibili, anche da cave profonde >100 mt,
vengono utilizzate per ripascimenti e opere di difesa costiera.",
NTS,Blue Development,Turismo Costiero e Marittimo,"Specifiche misure di regolamentazione riguardano il diporto (e.g. aree di ormeggio e
gestione dei marina), in particolare nelle AMP e nelle aree Natura 2000. Sarà
importante andare a identificare per alcune aree limiti non solo di velocità ma anche in termini di capacità portante legati sia allo stazionamento che al transito, soprattutto su aree di pregio come AMP e Natura 2000. Si identificano le AMP soggette a maggior pressione da parte del diporto nautico, e vengono previste delle misure di contenimento dell’ancoraggio sui fondali con biocenosi vulnerabili, installando nuovi
siti di ormeggio in prossimità delle AMP più congestionate e soggette a sovraffollamento (Venturini et al., 2016; Dapueto et al., 2022).",
NTS,Blue Development,Turismo Costiero e Marittimo,"Vengono effettuati interventi e adottate buone pratiche per l’efficientamento
ambientale delle principali darsene da diporto.",
NTS,Blue Development,Ricerca & Innovazione,"Vengono anche individuati i siti, interni ad AMP, ove sono in corso sperimentazioni di
attività di restauro: Cinque Terre (zona A,B,C), Portofino (Zona C), e Bergeggi per
Posidonia oceanica, Cystoseira e Patella ferruginea (in area da definire in zona C);
Isola di Gallinara per il coralligeno (Punta Sciusciau).",
NTS,Blue Development,Paesaggio e patrimonio culturale,"Si promuovono tutela e valorizzazione del patrimonio archeologico subacqueo sia in
Liguria (Albenga, Imperia, Lerici, Portofino), sia in Toscana (aree livornese e
grossetana). In merito al patrimonio culturale in ambito marino e costiero, oltre alla
tutela e la recupero, un obiettivo che viene perseguito in questo scenario è
l'incremento di conoscenza, accessibilità e fruibilità in chiave sostenibile.",
NTS,Blue Development,Paesaggio e patrimonio culturale,"L'afferenza dei territori ligure e toscano al Santuario Pelagos per i mammiferi marini, area protetta internazionale inserita nella lista ASPIM e sito proposto per l’iscrizione alla World Heritage List UNESCO, richiede, un focus sulla gestione e valorizzazione di tale complesso ecosistema.",
SOI,Slow Pace,Trasporto marittimo,"Lo scenario considera un incremento del
traffico da oggi al 2040 così definito, in termini di densità di traffico, ovvero di
rotte che attraversano ciascuna cella nell’unità di tempo, per diverse tipologie di
imbarcazioni: +30% per navi cargo e portarinfuse (CAR); +53% per navi
portacontainer (CON); +26% per navi passeggeri e da crociera (PAS); +38% per navi petroliere e gasiere (TGC); +33% per navi roll-on-roll-off cargo e passeggeri
(RRO). Questi valori sono derivati dal recente studio condotto da EMSA per valutare l’evoluzione attesa del rumore sottomarino nei mari europei, con e
senza misure di mitigazione (EMSA, 2024), e sono in linea con altre indicazioni
derivabili dalla letterature di settore: proiezioni del trasporto marittimo globale
al 2050 (EMSA-EEA, 2021); aumento annuo atteso delle movimentazioni di
container del 3.1% nel Mediterraneo occidentale (Piano del Mare, 2023) e del
2.7% relativamente al periodo 2021-2026 (Report SRM, 2022).",
SOI,Slow Pace,Trasporto marittimo,"L’aumento di traffico riguarderà le
principali direttrici attuali, al netto delle redistribuzioni dei flussi imposte da altri
elementi di scenario (ad esempio, campi eolici). E’ atteso anche un incremento del traffico a corto raggio per attività di costruzione e manutenzione dei campi eolici previsti nello scenario, e di altri campi eolici potenzialmente realizzabili in
aree circostanti (in particolare nell’area a ovest dell’area pilota SOS).",
SOI,Slow Pace,Trasporto marittimo,"Sono attese riduzioni delle
emissioni di gas serra (GHG) e di composti di zolfo, in linea con gli obiettivi e le prescrizioni di EU Green Deal (riduzione del 90% delle emissioni di GHG al 2050) e IMO-MED-SECA, attraverso la progressiva adozione di misure di mitigazione (ad esempio, elettrificazione delle banchine, nuovi carburanti).",
SOI,Slow Pace,Protezione Ambientale,"Vengono istituite nuove aree Natura2000 sui seamounts presenti nell’area (Wurtz e
Rovere, 2015) su cui è in corso la mappatura di dettaglio nel progetto PNRR-MER.",
SOI,Slow Pace,Protezione Ambientale,"In seguito al completamento delle valutazioni sulle aree pilota identificate da GFCM, il
limite di pesca a strascico viene esteso da 1000 metri a 800 metri di profondità, in
quanto queste aree possono ospitare ecosistemi marini vulnerabili (VME), sostenendo
al contempo attività di pesca relativamente limitate da parte di alcuni pescherecci che
si dedicano a stock specifici di acque profonde (GFCM REC 29/2005/1).",
SOI,Slow Pace,Protezione Ambientale,"Gli interventi di restauro ambientale sono molto ridotti e in grande prevalenza di tipo
passivo (REG.UE 2024/1991 del 17/06/24).",
SOI,Slow Pace,Protezione Ambientale,L’obiettivo del 30% di aree protette viene raggiunto nello scenario solo considerando una serie di aree OECM potenziali.,
SOI,Slow Pace,Protezione Ambientale,"Rimane costante rispetto alla situazione attuale e lontano
dall’obiettivo del 10% il valore delle aree a protezione rigorosa (cfr. par.2.7).",
SOI,Slow Pace,Pesca,"In seguito al completamento delle valutazioni sulle
aree pilota identificate da GFCM, il divieto di pesca a strascico viene portato da 1000
metri a 800 metri di profondità, in quanto queste aree possono ospitare ecosistemi marini vulnerabili (VME), sostenendo al contempo attività di pesca relativamente
limitate da parte di alcuni pescherecci che si dedicano a stock specifici di acque
profonde (GFCM REC 29/2005/1).",
SOI,Slow Pace,Pesca,"Vengono rafforzati il controllo e la lotta alla pesca illegale (IUU), diffusamente presente nell’area (Jarboui et al., 2022).",
SOI,Slow Pace,Pesca,"Viene sostenuta la pesca artigianale, che pure non aumenta il suo sforzo complessivo
e gli areali interessati, anche con un più stretto collegamento alle attività turistiche.
Nelle FRA esistenti vige oltre allo strascico anche il divieto per reti da posta e palangari
(GFCM SAC 2023).",
SOI,Slow Pace,Pesca,"Vengono pienamente riconosciuti i “fishing grounds” esistenti per la pesca a strascico (Russo et al., in stampa). Queste aree sono considerate nello scenario come aree con
priorità per le attività di pesca, a cui gli altri usi sono subordinati e si devono adeguare,
al netto di altri usi specifici e diversi previsti allo scenario medesimo (ad esempio, campi eolici).",
SOI,Slow Pace,Pesca,"Come da Action Plan (COM(2023)102 final), si vieta la pesca a strascico con
attrezzi attivi nelle aree SIC/ZSC designate ai sensi della direttiva Habitat per la
protezione di habitat e le specie marine bentoniche",
SOI,Slow Pace,Pesca,"Nell'area valgono le norme tecniche sulla pesca dei Piani di Gestione Locale
delle Unità Gestionali “Arcipelago delle Isole Pelagie”, “Capo Passero –
Siracusa” e “Mazara del Vallo”. In particolare, nell’Unità Gestionale “Arcipelago
delle Isole Pelagie” è proibita la pesca alle imbarcazioni di lft>24 m e con motore
superiore a 500 kw.",
SOI,Slow Pace,Energia - Oil&Gas,"Si avvia lo sfruttamento di giacimenti O&G a potenziale
elevato presenti nella parte sud-orientale dell’area, in corrispondenza dei
permessi di ricerca attivi al momento dell’approvazione del Piano MSP.",
SOI,Slow Pace,Energia Rinnovabile,"Viene Individuata un’area OW1 (area vasta di circa 515 km2, dentro cui posizionare i
250 km2 necessari per produrre 1 GW) a oltre 25 km dalla costa, al di fuori delle acque territoriali. L’area è stata delimitata cercando di minimizzare i conflitti con gli habitat di  fondo di pregio (in particolare presenza di VME e habitat di banchi e seamounts), con la pesca e con le rotte di traffico NE-SW.",
SOI,Slow Pace,Energia Rinnovabile,"L’area OW1 ha una presenza non trascurabile di avifauna marina, ma è al di fuori della
principale rotta migratoria fra Italia-Sicilia-Tunisia (www.medgsr.org; Tattoni e Ciolli,
2019). Nonostante ciò, ISPRA (ISPRA, 2021) le attribuisce una sensibilità alta rispetto ai movimenti migratori, mentre è bassa la sensibilità rispetto ai movimenti in periodo riproduttivo.
L’area è interdetta alla pesca e alla navigazione.",
SOI,Slow Pace,Energia Rinnovabile,"I porti principali di riferimento a terra per attività di costruzione e manutenzione sono Taranto e Augusta e, in seconda battuta, Porto Empedocle, Gela e Mazara
del Vallo, per i quali si assume la realizzazione di infrastrutture di supporto in
tempi compatibili con le esigenze di costruzione e manutenzione.",
SOS,Nature@Work,Trasporto marittimo,"Essendo l’area di studio una rotta marittima internazionale fondamentale, le azioni più
importanti da intraprendere in questo scenario sono l’implementazione di misure di
riduzione dell’inquinamento chimico e acustico (inclusa la transizione verso combustibili alternativi) attraverso azioni di cooperazione di livello internazionale, comunitario e mediterraneo. Ulteriori iniziative verso la sostenibilità sono intraprese nei porti grandi e piccoli, della zona (ad esempio, elettrificazione delle banchine,
disponibilità di combustibili alternativi, gestione dei rifiuti, facilities per la gestione delle acque residue di sea water scrubber, gestione dei materiali dragati).",
SOS,Nature@Work,Trasporto marittimo,"Viene proposta l’istituzione di una nuova PSSA con misure di conservazione di tipo
volontario da definire (cfr. ad esempio le misure adottate nella nuova PSSA nel Tirreno settentrionale). All'interno della nuova PSSA proposta viene individuata un'area, circa
corrispondente all'attuale CCH presente fra Malta e la Sicilia orientale, in cui la velocità delle navi in transito è limitata a 13 nodi.",
SOS,Nature@Work,Protezione Ambientale,"Come da Action Plan (COM(2023)102 final), si vieta la pesca a strascico con
attrezzi attivi nelle aree SIC/ZSC designate ai sensi della direttiva Habitat per la
protezione di habitat e le specie marine bentoniche.",
SOS,Nature@Work,Protezione Ambientale,"I seamounts (Wurtz e Rovere, 2015) già considerati nello scenario SP sono qui classificati come AMP a protezione rigorosa. Vengono istituite 2 nuove AMP in corrispondenza delle aree di reperimento esistenti (Isola di Pantelleria e Banchi di Graham, Pantelleria e Avventura). Le Zone A e Bs di queste AMP (o le intere AMP, con
misure di conservazione rafforzate) costituiscono aree a protezione rigorosa.",
SOS,Nature@Work,Protezione Ambientale,"Vengono istituite 3 nuove FRA per protezione di EFH, elasmobranchi e VME (Isidella). Le nuove aree protette / OECMs sono inserite in un contesto di area protetta
transnazionale con Malta e Tunisia e di istituzione di nuove FRA in acque tunisine.",
SOS,Nature@Work,Protezione Ambientale,"All'interno della nuova PSSA proposta (cfr. trasporto marittimo) viene individuata un'area, circa corrispondente all'attuale CCH presente fra Malta e la Sicilia orientale, in cui la velocità delle navi in transito è limitata a 13 nodi per ridurre il rischio di collisioni e il rumore sottomarino.",
SOS,Nature@Work,Protezione Ambientale,"In seguito al completamento delle valutazioni sulle aree pilota identificate da GFCM, il
limite di pesca a strascico viene esteso da 1000 metri a 800 metri di profondità, in quanto queste aree possono ospitare ecosistemi marini vulnerabili (VME), sostenendo al contempo attività di pesca relativamente limitate da parte di alcuni pescherecci che
si dedicano a stock specifici di acque profonde (GFCM REC 29/2005/1).",
SOS,Nature@Work,Protezione Ambientale,"la percentuale di aree protette, considerando anche le OECM
potenziali, sale al 36%, con un ruolo importante svolto in particolare dalle aree vietate alla pesca a strascico di fondo riconosciute in ambito GFCM.",
SOS,Nature@Work,Difesa Costiera,"Viene programmazione e attuata con i comuni costieri la corretta gestione delle banquette di Poseidonia, favorendo in caso di rimozione il suo riutilizzo nelle forme consentite dalle norme vigenti.",
SOS,Nature@Work,Difesa Costiera,"Vengono studiati e valutati attentamente gli effetti sugli habitat bentonici e le comunità ittiche demersali degli interventi di ripascimento e adottate adeguate misure di mitigazione. Le sabbie
offshore compatibili vengono utilizzate per ripascimenti e opere di difesa costiera.",
SOS,Nature@Work,Difesa Costiera,"Sono stati individuati i tratti di costa con trend erosivi maggiori (2006-2020, ISPRA) e le
potenziali cave a mare censite all’interno dell’Area Pilota e nelle sue vicinanze",
SOS,Nature@Work,Turismo Costiero e Marittimo,"Vengono individuate aree di promozione e sviluppo (non esclusivo) di attività di turismo
esperienziale, con particolare riferimento all’ecoturismo.",
SOS,Nature@Work,Turismo Costiero e Marittimo,"Vengono individuate aree di promozione e sviluppo (non esclusivo) di attività di turismo
esperienziale, con particolare riferimento all’ecoturismo.",
SOS,Nature@Work,Pesca,"Vengono pienamente riconosciuti i “fishing grounds” esistenti per la pesca a strascico
(Russo et al., in stampa). Queste aree sono considerate nello scenario come aree con priorità per le attività di pesca, a cui gli altri usi sono subordinati e si devono adeguare, al netto di altri usi specifici e diversi previsti allo scenario medesimo (ad esempio, campi eolici).",
SOS,Nature@Work,Pesca,"L’identificazione di nuove aree per il recupero degli stock ittici procede rapidamente, sostenuta da sforzi coordinati a scala di bacino. Il controllo e la lotta alla pesca illegale
(IUU), diffusamente presente nell’area (Jarboui et al., 2022) sono attuati in modo deciso ed efficace.",
SOS,Nature@Work,Pesca,"In seguito al completamento delle valutazioni sulle aree pilota identificate da GFCM, il
divieto di pesca a strascico viene portato da 1000 metri a 800 metri di profondità, in
quanto queste aree possono ospitare ecosistemi marini vulnerabili (VME), sostenendo al contempo attività di pesca relativamente limitate da parte di alcuni pescherecci che
si dedicano a stock specifici di acque profonde (GFCM REC 29/2005/1).",
SOS,Nature@Work,Pesca,"La promozione di accordi e tavoli di cogestione tra la pesca artigianale e i siti N2000 diventa una pratica comune nella zona, ed è regolata dai piani di gestione delle aree di conservazione. La pesca artigianale (Grati et al., 2022), pur mantenendo lo sforzo attuale, è considerata una risorsa e gli investimenti vengono indirizzati sia sul sostegno alla formazione dei giovani pescatori, sia sulla promozione dei prodotti/eccellenze
locali. La gestione e valorizzazione della piccola pesca include un migliore monitoraggio delle attività di pesca e delle risorse ittiche costiere (nel contesto dell'aggiornamento del regolamento sul controllo, ad esempio attraverso il monitoraggio elettronico a distanza, il miglioramento della registrazione delle catture, la segnalazione delle specie sensibili) e lo stanziamento di risorse sufficienti per
valutare il rispetto delle norme ambientali e di pesca.",
SOS,Nature@Work,Pesca,"Come da Action Plan (COM(2023)102 final), si vieta la pesca a strascico con
attrezzi attivi nelle aree SIC/ZSC designate ai sensi della direttiva Habitat per la
protezione di habitat e le specie marine bentoniche.",
SOS,Nature@Work,Pesca,"Il divieto di pesca a strascico viene portato da 3 a 6 MN per tutte le imbarcazioni nel
periodo estivo. Viene invece introdotta una restrizione alla pesca ricreativa nelle ore
notturne e in aree di protezione (incluse FRA e VME), si vieta inoltre l'utilizzo di luci artificiali, e apparati ""aqualung"" con lance a mano o fucili subacquei (GFCM REC /45/2022/12).",
SOS,Nature@Work,Pesca,"Nell'area valgono le norme tecniche sulla pesca dei Piani di Gestione Locale
delle Unità Gestionali “Arcipelago delle Isole Pelagie”, “Capo Passero –
Siracusa” e “Mazara del Vallo”. In particolare, nell’Unità Gestionale “Arcipelago
delle Isole Pelagie” è proibita la pesca alle imbarcazioni di lft>24 m e con motore
superiore a 500 kw.",
SOS,Nature@Work,Pesca,"Vengono istituite 3 nuove FRA per protezione di EFH, elasmobranchi e VME (Isidella). Nelle nuove FRA, così come nelle FRA esistenti, vige oltre allo strascico anche il divieto per reti da posta e palangari (GFCM SAC 2023). Le nuove aree protette /
OECMs sono inserite in un contesto di area protetta transnazionale con Malta e
Tunisia e di istituzione di nuove FRA in acque tunisine, di cui si valuteranno per quanto
possibile gli effetti sulla sostenibilità del settore e riguardo agli stock ittici.",
SOS,Nature@Work,Pesca,Si opera per l’ammodernamento e l’efficientamento energetico della flotta peschereccia esistente tramite retrofitting per diminuire emissioni e costi per i pescatori e la sicurezza.,
SOS,Nature@Work,Pesca,"La sostenibilità economica del settore è favorita anche da interventi sull’intera catena
del valore, per ottenere un aumento del valore aggiunto del pescato (marchi e
ecolabel).",
SOS,Nature@Work,Ricerca & Innovazione,"Sono individuati e valorizzati, in un contesto mediterraneo ed europeo, i
principali siti osservativi e centri di ricerca presenti nell’area.",
SOS,Nature@Work,Energia Rinnovabile,"Viene individuata un’area OW4 (area vasta di circa 700 km2, dentro cui posizionare i 250 km2 necessari per produrre 1 GW) a oltre 25 km dalla costa, al di fuori delle acque territoriali, vicina alle attuali piattaforme O&G e fuori dall’area CCH individuata fra Malta e la Sicilia orientale. L’area è stata delimitata cercando di minimizzare i conflitti con gli habitat di fondo di pregio (in particolare presenza di VMEs e habitat di banchi e seamounts), con la pesca (inclusa la pesca di grandi pelagici con reti a circuizione) e
con le rotte di traffico NE-SW.",
SOS,Nature@Work,Energia Rinnovabile,"Anche attraverso attività di ricerca e sperimentazione, vengono promosse soluzioni innovative e a impatto ridotto da adottare nelle fasi di costruzione esercizio e decommissioning, sia per strutture a mare che per il conferimento a terra dell’energia prodotta.",
SOS,Nature@Work,Energia Rinnovabile,"L’area OW4 ha una presenza non trascurabile di avifauna marina, ma è al di fuori della principale rotta migratoria fra Italia-Sicilia-Tunisia (www.medgsr.org; Tattoni e Ciolli, 2019). ISPRA (ISPRA, 2021) le attribuisce una sensibilità media rispetto ai movimenti migratori, mentre è bassa la sensibilità rispetto ai movimenti in periodo riproduttivo. L’area è interdetta alla pesca e alla navigazione.",
SOS,Nature@Work,Energia Rinnovabile,"I porti principali di riferimento a terra per attività di costruzione e manutenzione sono Taranto e Augusta e, in seconda battuta, Porto Empedocle e Gela, per i quali si assume la realizzazione di infrastrutture di supporto in tempi compatibili con
le esigenze di costruzione e manutenzione.",
SOS,Nature@Work,Paesaggio e patrimonio culturale,"All’interno delle aree già mappate nel Piano MSP congiuntamente con MIC e la Soprintendenza (patrimonio subacqueo – Relitti, beni archeologici e architettonici), vengono individuate in particolare 2 aree di interesse per lo scenario in oggetto: Campobello di Mazara – Ribera; Marzamemi – Portopalo). All’interno di queste aree potrebbe essere valutata la creazione di «Parchi Archeologici Subacquei».",
SOS,Blue Development,Energia,"Sono individuate 3 aree (OW1, OW2, OW4) (aree ampie complessivamente circa 1770
km2 dentro cui posizionare i 750 km2 totali necessari), oltre 25 km dalla costa, al di fuori delle acque territoriali. Le aree sono state delimitate cercando di minimizzare i conflitti con gli habitat di fondo di pregio (in particolare presenza di VMEs e habitat di banchi e seamounts), con la pesca (inclusa la pesca di grandi pelagici con reti a circuizione) e con le rotte di traffico NE-SW.",
SOS,Blue Development,Energia,"In particolare, l’area OW2, ampia complessivamente circa 540 km2, ospita impianti integrati e si configura come un’’isola energetica”. L’area ospita sia OWF che WEC (Wave Energy Converters), e al suo interno ospita impianti di acquacoltura offshore.
L’energia prodotta viene trasformata in idrogeno/metanolo e/o ricarica batterie e viene
quindi utilizzata come combustibili alternativi per le navi in transito. Si introducono sistemi integrati per contenere i costi dell’eolico anche a lungo termine, grazie
all’integrazione di WEC, nonchè floating-breakwaters per mitigare gli effetti delle mareggiate sulle infrastrutture. I WEC forniscono energia “in loco” per le attività dell’isola energetica, ma fungono anche da barriere artificiali per proteggere gli impianti
eolici che possono quindi essere realizzati senza ancoraggi e con materiali a basso costo. Non si prevede il conferimento a terra dell’energia prodotta, minimizzando l’impatto ambientale a terra e sul fondale.",
SOS,Blue Development,Energia,"Le aree sono interdette alla navigazione commerciale e passeggeri, mentre è
consentito l’accesso in alcune aree, in sicurezza e previa autorizzazione da parte dell’Autorità Marittima, per attività diverse dall’eolico. Nelle aree in cui si sviluppano impianti eolici, viene infatti promossa la sinergia e il multiuso con il settore della pesca, attraverso l’utilizzo di attrezzi che possano essere utilizzati in sicurezza all’interno delle
OWF (per esempio, non con reti a strascico o reti da tonno e piccoli pelagici),
l’acquacoltura e il turismo (in OW4).",
SOS,Blue Development,Energia,"I porti principali di riferimento a terra per attività di costruzione e manutenzione sono Taranto e Augusta e, in seconda battuta, Gela, Porto Empedocle, Mazzara del Vallo e
Pozzallo. Gli hub principali di appoggio subiscono trasformazioni e migliorie logistiche, ma anche una maggior efficienza di servizi e un rinnovamento infrastrutturale.
Anche attraverso attività di ricerca e sperimentazione, vengono promosse soluzioni innovative e a impatto ridotto da adottare nelle fasi di costruzione esercizio e decommissioning, sia per strutture a mare che per il conferimento a terra dell’energia prodotta.",
SOS,Blue Development,Energia,"E’ noto come l’area marittima dello Ionio-Mediterraneo Centrale sia una delle più importanti del Mediterraneo per l’avifauna (Piano dello Spazio Marittimo - Area Marittima “Ionio - Mediterraneo Centrale”, 2024, Lipu e Ispra, 2015; www.medgsr.org). Nell’area riveste particolare importanza per gli uccelli il gruppo di isole situato in posizione strategica nello stretto di mare tra la Sicilia e la Tunisia. Queste isole sostengono grandi colonie di procellariformi, in particolare berte maggiori e minori e uccelli delle tempeste, Due rotte migratorie principali coinvolgono l’intero
flusso migratorio sull’Europa, connettendo la Tunisia con la Sardegna e con la Sicilia occidentale (Tattoni e Ciolli, 2019).
Le aree OW1-OW2-OW4 hanno una presenza non trascurabile di avifauna marina, in
particolare OW2 (www.medgsr.org), ma sono al di fuori della principale rotta
migratoria fra Italia-Sicilia-Tunisia (www.medgsr.org; Tattoni e Ciolli, 2019). ISPRA (ISPRA, 2021) attribuisce alle aree in cui si trovano OW1 e OW2 una sensibilità alta
rispetto ai movimenti migratori, mentre la sensibilità è media in OW4. Inoltre, la sensibilità rispetto ai movimenti in periodo riproduttivo è bassa in tutte e tre le aree.",
SOS,Blue Development,Energia,"L’“isola energetica” realizzata in OW2 funge da punto di rifornimento per combustibili alternativi (idrogeno, metanolo, ed elettrico) per diminuire gli impatti e le pressioni nelle aree costiere e di snodo portuale. La stessa installazione di un'isola energetica nel corridoio di traffico comporta anche una conseguente diminuzione della velocità delle navi in transito, in linea con il limite di 10 nodi proposto per la subarea della PSSA
e con associati benefici ambientali (e.g. riduzione del rumore e delle collisioni con
megafauna).",
SOS,Blue Development,Energia,"La presenza delle 3 aree OW1, OW2 e OW4 all’interno del corridoio di traffico NW-SE
richiederà di approfondire aspetti di sostenibilità economica e di sicurezza del
trasporto marittimo nell’area, individuando eventuali ulteriori misure di
regolamentazione (ad esempio, TSS).",
SOS,Blue Development,Protezione Ambientale,"I seamounts (Wurtz e Rovere, 2015) già considerati nello scenario SP sono qui classificati come AMP a protezione rigorosa, come in N@W. Vengono istituite 2 nuove AMP in corrispondenza delle aree di reperimento esistenti (Isola di Pantelleria e Banchi di Graham, Pantelleria e Avventura). Le Zone A e Bs di queste AMP (o le intere AMP, con misure di conservazione rafforzate) costituiscono aree a protezione rigorosa.",
SOS,Blue Development,Protezione Ambientale,"Vengono istituite 2 nuove FRA per protezione di EFH, elasmobranchi e VME (Isidella). Le nuove aree protette / OECMs sono inserite in un contesto di area protetta
transnazionale con Malta e Tunisia e di istituzione di nuove FRA in acque tunisine, di cui si valuteranno gli effetti sulla sostenibilità del settore e riguardo agli stock ittici.",
SOS,Blue Development,Protezione Ambientale,"All'interno della nuova PSSA proposta (cfr. trasporto marittimo) viene individuata un'area, circa corrispondente all'attuale CCH, in cui la velocità delle navi in transito è
limitata a 10 nodi, anche in considerazione della creazione di campi eolici (OW2,
Arcipelago energetico) nell’area fra Pozzallo e Malta.",
SOS,Blue Development,Protezione Ambientale,"In seguito al completamento delle valutazioni sulle aree pilota identificate da GFCM, il
limite di pesca a strascico viene esteso da 1000 metri a 800 metri di profondità, in quanto queste aree possono ospitare ecosistemi marini vulnerabili (VME), sostenendo al contempo attività di pesca relativamente limitate da parte di alcuni pescherecci che
si dedicano a stock specifici di acque profonde (GFCM REC 29/2005/1).",
SOS,Blue Development,Protezione Ambientale,"Come da Action Plan (COM(2023)102 final), si vieta la pesca a strascico con
attrezzi attivi nelle aree SIC/ZSC designate ai sensi della direttiva Habitat per la
protezione di habitat e le specie marine bentoniche.",
SOS,Blue Development,Protezione Ambientale,"Viene istituita attraverso un processo progressivo e concertato una riserva della biosfera transnazionale, una MAB UNESCO (https://www.unesco.org/en/mab), che si estende da Capo Passero a Kerkennah nel Golfo di Gabes, in Tunisia, ricomprendendo Pantelleria, le Pelagie e Malta.",
SOS,Blue Development,Protezione Ambientale,"anche considerando l’ipotesi che l’intera area delle AMP possa essere considerata come area a protezione rigorosa, verrebbe raggiunto solamente l’1,4% dell’area, rimanendo lontani dall’obiettivo del 10% (cfr. par.4.10).",
SOS,Blue Development,Pesca,"Vengono pienamente riconosciuti i “fishing grounds” esistenti per la pesca a strascico
(Russo et al., in stampa). Queste aree sono considerate nello scenario come aree con priorità per le attività di pesca, a cui gli altri usi sono subordinati e si devono adeguare, al netto di altri usi specifici e diversi previsti allo scenario medesimo (ad esempio, campi eolici).",
SOS,Blue Development,Pesca,"Il controllo e la lotta alla pesca illegale (IUU), diffusamente presente nell’area (Jarboui et al., 2022) sono attuati in modo deciso ed efficace.",
SOS,Blue Development,Pesca,"La pesca artigianale (Grati et al., 2022) è considerata una risorsa e viene incrementata
(+9% rispetto all’attuale); gli investimenti vengono indirizzati sia sul sostegno alla formazione dei giovani pescatori, sia sulla promozione dei prodotti/eccellenze locali.
La promozione di accordi e tavoli di cogestione tra la pesca artigianale e i siti N2K diventa una pratica comune nella zona, ed è regolata dai piani di gestione delle aree di conservazione. Viene attuata una adeguata sorveglianza di tali aree, considerandola un
importante prerequisito per aumentare la resa all'interno dell'area.",
SOS,Blue Development,Pesca,"Nelle aree in cui si sviluppano impianti eolici, viene promossa la sinergia e il multiuso con il settore della pesca, attraverso l’utilizzo di attrezzi che possano essere utilizzati in sicurezza all’interno delle OWF (per esempio, non con reti a strascico o reti da tonno
e piccoli pelagici).",
SOS,Blue Development,Pesca,"Nelle aree in cui si sviluppano impianti eolici, viene promossa la sinergia e il multiuso con il settore della pesca, attraverso l’utilizzo di attrezzi che possano essere utilizzati in sicurezza all’interno delle OWF (per esempio, non con reti a strascico o reti da tonno
e piccoli pelagici).",
SOS,Blue Development,Pesca,"In seguito al completamento delle valutazioni sulle aree pilota identificate da GFCM, il
divieto di pesca a strascico viene portato da 1000 metri a 800 metri di profondità, in
quanto queste aree possono ospitare ecosistemi marini vulnerabili (VME), sostenendo al contempo attività di pesca relativamente limitate da parte di alcuni pescherecci che
si dedicano a stock specifici di acque profonde (GFCM REC 29/2005/1).",
SOS,Blue Development,Pesca,"Vengono istituite 2 nuove FRA per protezione di EFH, elasmobranchi e VME (Isidella). Nelle nuove FRA, così come nelle FRA esistenti, vige oltre allo strascico anche il divieto
per reti da posta e palangari (GFCM SAC 2023). Le nuove aree protette / OECMs sono inserite in un contesto di area protetta transnazionale con Malta e Tunisia e di
istituzione di nuove FRA in acque tunisine, di cui si valuteranno per quanto possibile gli
effetti sulla sostenibilità del settore e riguardo agli stock ittici.",
SOS,Blue Development,Pesca,"Viene posta una restrizione alla pesca ricreativa nelle ore notturne e in aree di protezione (incluse FRA e VME), si vieta inoltre l'utilizzo di luci artificiali, e apparati ""aqualung"" con lance a mano o fucili subacquei (GFCM REC /45/2022/12).",
SOS,Blue Development,Pesca,"La flotta navale viene progressivamente sostituita da nuove navi, che presentano una
migliore efficienza energetica. Le strutture portuali per il trattamento dei rifiuti/riciclaggio, con riferimento in particolare agli scarti delle attività di pesca e alle plastiche pescate in mare, sono sviluppate in modo omogeneo all'interno del bacino, sulla base dell'uso continuativo dei fondi strutturali.",
SOS,Blue Development,Pesca,"La sostenibilità economica del settore è favorita anche da interventi sull’intera catena
del valore, per ottenere un aumento del valore aggiunto del pescato (marchi e
ecolabel).",
SOS,Blue Development,Acquacultura,"Vengono individuate per lo sviluppo di impianti di acquacoltura alcune aree intorno alla batimetrica dei 30 m, entro 3 mn dalla costa, selezionate fra le «aree vocate» del
Decreto regionale 103/GAB del 25/06/2021.",
SOS,Blue Development,Difesa Costiera,"Vengono studiati e valutati attentamente gli effetti sugli habitat bentonici e le comunità ittiche demersali degli interventi di ripascimento e adottate adeguate misure di
mitigazione. Le sabbie offshore compatibili, anche da cave profonde >100 mt, vengono utilizzate per ripascimenti e opere di difesa costiera.",
SOS,Blue Development,Difesa Costiera,"Sono stati individuati i tratti di costa con i maggiori trend erosivi (2006-2020, ISPRA) e
le potenziali cave a mare censite nell’area, anche oltre 100 mt di profondità. Altre cave potenzialmente utilizzabili sono state individuate nel Golfo di Palermo e di Termini
Imerese.",
SOS,Blue Development,Difesa Costiera,"In collegamento con interventi sulle aree protette e nuove misure di conservazione,
vengono introdotte specifiche misure per ridurre l'impatto delle barche da diporto sui fondali.",
SOS,Blue Development,Difesa Costiera,"Vengono promosse soluzioni innovative e tecnologie per la gestione ambientale dei marina (e.g. energia, gestione dei rifiuti e dei reflui).",
SOS,Blue Development,Difesa Costiera,"Vengono individuate aree di promozione e sviluppo (non esclusivo) di attività di turismo
esperienziale, con particolare riferimento all’ecoturismo. Le aree protette esistenti e di nuova istituzione sono, con limitazioni particolari nelle aree a protezione rigorosa,
luoghi di promozione di ecoturismo.",
SOS,Blue Development,Difesa Costiera,"Viene promosso il turismo multiuso con impianti eolici, in particolare nell’area OW4, e
sono individuate le principali darsene da diporto, per interventi di efficientamento ambientale.",
SOS,Blue Development,Difesa Costiera,"Sono individuati e valorizzati, in un contesto mediterraneo ed europeo, i principali siti
osservativi e centri di ricerca presenti nell’area.",
SOS,Blue Development,Difesa Costiera,"All’interno delle aree già mappate nel Piano MSP congiuntamente con MIC e la Soprintendenza (patrimonio subacqueo – Relitti, beni archeologici e architettonici), vengono individuate in particolare 2 aree di interesse per lo scenario in oggetto: Campobello di Mazara – Ribera; Marzamemi – Portopalo). All’interno di queste aree potrebbe essere valutata la creazione di «Parchi Archeologici Subacquei».",
NAS,Slow Pace,Protezione Ambientale,"Vengono istituite due nuove aree marine protette in corrispondenza delle aree marine
di reperimento Costa del Monte Conero e Costa del Piceno.",
NAS,Slow Pace,Protezione Ambientale,"Il sito N2K Adriatico settentrionale – Emilia-Romagna (IT4060018) viene esteso verso
terra.",
NAS,Slow Pace,Protezione Ambientale,"Gli interventi di restauro ambientale sono molto ridotti e in grande prevalenza di tipo
passivo (REG.UE 2024/1991 del 17/06/24).",
NAS,Slow Pace,Protezione Ambientale,L’obiettivo del 30% di aree soggette e tutela non viene raggiunto (cfr. par. Valutazione preliminare delle aree oggetto di protezione rispetto agli obiettivi della Strategia sulla Biodiversità 2030).,
NAS,Slow Pace,Trasporto marittimo,"Non sono previste nuove e specifiche misure di tipo spaziale. Sono attese riduzioni delle emissioni di gas serra (GHG) e di composti di zolfo, in linea con gli obiettivi e le prescrizioni di EU Green Deal (riduzione del 90% delle emissioni di GHG al 2050) e IMO-MED-SECA, attraverso la progressiva adozione di misure di mitigazione (ad
esempio, elettrificazione delle banchine, nuovi carburanti).",